source	target	Annotation	Direction	Score
AATF	ESF1	predicted	-	0.73
ACADM	UQCRC2	predicted	-	0.58
ACTL6A	ACTR8	complex	-	1
ACTL6A	BRD7	complex	-	1
ACTL6A	FEN1	predicted	-	0.98
ACTL6A	RBBP4	predicted	-	0.92
ACTL6A	SNW1	reaction	-	1
ACTL6A	SUPT16H	complex	-	1
ACTR10	DYNLL1	complex; input	-	1
ACTR10	NR3C1	activate	->	1
ACTR10	RAB1B	complex; input	-	1
ACTR10	YKT6	complex; input	-	1
AGK	MAP2K1	complex; input	-	1
AGO2	AGO3	reaction	-	1
AGO2	DDX17	predicted	-	0.56
AGO2	NDC1	catalyzed by	<-	1
AGO2	NUP214	catalyzed by	<-	1
AGO2	NUP43	catalyzed by	<-	1
AGO2	RAE1	catalyzed by	<-	1
ALOX5	ALOX5AP	complex	-	1
ALOX5AP	ITGB2	predicted	-	0.59
ANAPC2	NR3C1	expression regulated by	<-	1
ANXA5	IQGAP1	predicted	-	0.64
API5	HTT	predicted	-	0.64
APOOL	HSPA9	complex; input	-	1
APTX	PARP1	predicted	-	0.64
APTX	PRKDC	complex; input	-	1
ARF6	CRK	complex; input	-	1
ARF6	GNAQ	activated by	<-	1
ARF6	HTT	catalyze	->	1
ATP6AP1	ATP6V0D1	complex; input	-	1
BCAS2	CLP1	complex; input	-	1
BCAS2	CSTF1	complex; input	-	1
BCAS2	CSTF2	complex; input	-	1
BCAS2	CSTF3	complex; input	-	1
BCAS2	FIP1L1	complex; input	-	1
BCAS2	HNRNPD	complex; input	-	1
BCAS2	HNRNPH1	complex; input	-	1
BCAS2	HNRNPU	complex; input	-	1
BCAS2	NUDT21	complex; input	-	1
BCAS2	PPWD1	complex; input	-	1
BCAS2	PQBP1	complex	-	1
BCAS2	PRCC	complex; input	-	1
BCAS2	PRPF4	complex; input	-	1
BCAS2	SMNDC1	complex; input	-	1
BCAS2	SNRNP40	complex; input	-	1
BCAS2	SNW1	complex; input	-	1
BCAS2	SRSF4	complex; input	-	1
BCAS2	SRSF6	complex; input	-	1
BCAS2	U2SURP	complex; input	-	1
BCAS2	UPF3B	complex; input	-	1
BCLAF1	CSNK2A1	predicted	-	0.98
BCLAF1	MCM2	predicted	-	0.65
BCLAF1	PARP16	expression regulates	->	1
BCLAF1	SFPQ	predicted	-	0.98
BCLAF1	SUZ12	predicted	-	0.58
BCLAF1	U2SURP	predicted	-	0.59
BPTF	RBBP4	predicted	-	0.64
CAMP	CTSG	predicted	-	0.64
CAMP	ELANE	predicted	-	0.64
CAMP	PRTN3	catalyzed by	<-	1
CCNK	CDK12	complex; input	-	1
CCNK	INTS1	catalyze; complex; input	->	1
CCNK	INTS10	catalyze; complex; input	->	1
CCNK	PHAX	complex; input	-	1
CCNK	SSRP1	complex; input	-	1
CCNK	SUPT16H	complex; input	-	1
CCNK	SUPT6H	complex; input	-	1
CD14	ITGAM	complex; input	-	1
CD14	ITGB2	complex; input	-	1
CDC42	CENPC	complex; input; reaction	-	1
CDC42	CRK	PPrel: activated, indirect effect	<-	1
CDC42	DYNLL1	complex; input; reaction	-	1
CDC42	GNG2	activated by; complex; input	<-	1
CDC42	HTT	activate; catalyzed by	<->	1
CDC42	IQGAP1	PPrel: activation; PPrel: inhibition; activated by; complex; input; predicted; reaction	<-	1
CDC42	NUP43	complex; input; reaction	-	1
CDK12	SSRP1	complex; input	-	1
CDK12	SUPT16H	complex; input	-	1
CENPC	DYNLL1	complex; input	-	1
CENPC	NUP43	complex; input	-	1
CENPC	RBBP4	complex; input	-	1
CHCHD1	DAP3	complex	-	1
CHCHD1	ERAL1	complex	-	1
CHCHD1	MRPL1	catalyze; complex; input	->	1
CHCHD1	MRPL13	catalyze; complex; input	->	1
CHCHD1	MRPL14	catalyze; complex; input	->	1
CHCHD1	MRPL16	catalyze; complex; input	->	1
CHCHD1	MRPL17	catalyze; complex; input	->	1
CHCHD1	MRPL18	catalyze; complex; input	->	1
CHCHD1	MRPL2	catalyze; complex; input	->	1
CHCHD1	MRPL27	catalyze; complex; input	->	1
CHCHD1	MRPL30	catalyze; complex; input	->	1
CHCHD1	MRPL33	catalyze; complex; input	->	1
CHCHD1	MRPL37	catalyze; complex; input	->	1
CHCHD1	MRPL39	catalyze; complex; input	->	1
CHCHD1	MRPL40	catalyze; complex; input	->	1
CHCHD1	MRPL43	catalyze; complex; input	->	1
CHCHD1	MRPL45	catalyze; complex; input	->	1
CHCHD1	MRPL46	catalyze; complex; input	->	1
CHCHD1	MRPL53	catalyze; complex; input	->	1
CHCHD1	MRPL57	catalyze; complex; input	->	1
CHCHD1	MRPS10	complex	-	1
CHCHD1	MRPS14	complex	-	1
CHCHD1	MRPS16	complex	-	1
CHCHD1	MRPS18B	complex	-	1
CHCHD1	MRPS2	complex	-	1
CHCHD1	MRPS22	complex	-	1
CHCHD1	MRPS23	complex	-	1
CHCHD1	MRPS26	complex	-	1
CHCHD1	MRPS27	complex	-	1
CHCHD1	MRPS28	complex	-	1
CHCHD1	MRPS34	complex	-	1
CHCHD1	MRPS5	complex	-	1
CHCHD1	MRPS6	complex	-	1
CHCHD1	MRPS7	complex	-	1
CHCHD1	PTCD3	complex	-	1
CHD1	KDM1A	predicted	-	0.64
CHTOP	CLP1	catalyzed by; complex; input	<-	1
CHTOP	CSTF1	complex; input	-	1
CHTOP	CSTF2	complex; input	-	1
CHTOP	CSTF3	complex; input	-	1
CHTOP	DDX39A	complex; input	-	1
CHTOP	FIP1L1	complex; input	-	1
CHTOP	NDC1	activated by; input	<-	1
CHTOP	NUDT21	catalyzed by; complex; input	<-	1
CHTOP	NUP214	activated by; input	<-	1
CHTOP	NUP43	activated by; input	<-	1
CHTOP	RAE1	activated by; input	<-	1
CHTOP	SARNP	complex; input	-	1
CHTOP	SRSF4	complex; input	-	1
CHTOP	SRSF6	complex; input	-	1
CHTOP	SUZ12	predicted	-	0.64
CHTOP	UPF3B	complex; input	-	1
CLP1	CSTF1	catalyze; complex; input	->	1
CLP1	CSTF2	catalyze; complex; input	->	1
CLP1	CSTF3	catalyze; complex; input	->	1
CLP1	DDX39A	catalyze; complex; input	->	1
CLP1	FIP1L1	catalyze; complex; input	->	1
CLP1	HNRNPD	complex; input	-	1
CLP1	HNRNPH1	complex; input	-	1
CLP1	HNRNPU	complex; input	-	1
CLP1	NUDT21	catalyze; catalyzed by; complex; input	<->	1
CLP1	PPWD1	complex; input	-	1
CLP1	PQBP1	complex; input	-	1
CLP1	PRCC	complex; input	-	1
CLP1	PRPF4	input	-	1
CLP1	SARNP	catalyze; complex; input	->	1
CLP1	SMNDC1	complex; input	-	1
CLP1	SNRNP40	complex; input	-	1
CLP1	SNW1	complex; input	-	1
CLP1	SRSF4	catalyze; complex; input	->	1
CLP1	SRSF6	catalyze; complex; input	->	1
CLP1	U2SURP	complex; input	-	1
CLP1	UPF3B	catalyze; complex; input	->	1
COL2A1	ITGAM	complex; input	-	1
COL2A1	ITGB2	complex; input	-	1
CPSF6	NUDT21	PCrel: binding/association; predicted	-	1
CPSF6	SFPQ	predicted	-	0.92
CRK	ITGAM	PPrel: activated by	<-	1
CRK	ITGB2	PPrel: activated by	<-	1
CSNK2A1	CSNK2B	complex; predicted	-	1
CSNK2A1	DDX17	predicted	-	0.73
CSNK2A1	DEK	predicted	-	0.99
CSNK2A1	MCM2	predicted	-	0.64
CSNK2A1	NOP2	predicted	-	0.97
CSNK2A1	PRKDC	predicted	-	0.98
CSNK2A1	RBBP4	predicted	-	0.98
CSNK2A1	RNF2	complex	-	1
CSNK2A1	SFPQ	predicted	-	1
CSNK2A1	SSRP1	complex; input	-	1
CSNK2A1	SUPT16H	complex; input	-	1
CSNK2A1	SUPT6H	predicted	-	0.73
CSNK2B	DEK	predicted	-	0.98
CSNK2B	RNF2	complex	-	1
CSNK2B	SSRP1	complex; input	-	1
CSNK2B	SUPT16H	complex; input	-	1
CSNK2B	WDR12	predicted	-	0.78
CSTF1	CSTF2	complex	-	1
CSTF1	CSTF3	complex	-	1
CSTF1	DDX39A	complex; input	-	1
CSTF1	FIP1L1	complex; input	-	1
CSTF1	HNRNPD	complex; input	-	1
CSTF1	HNRNPH1	complex; input	-	1
CSTF1	HNRNPU	complex; input	-	1
CSTF1	NUDT21	catalyzed by; complex; input	<-	1
CSTF1	PPWD1	complex; input	-	1
CSTF1	PQBP1	complex; input	-	1
CSTF1	PRCC	complex; input	-	1
CSTF1	PRPF4	input	-	1
CSTF1	SARNP	complex; input	-	1
CSTF1	SMNDC1	complex; input	-	1
CSTF1	SNRNP40	complex; input	-	1
CSTF1	SNW1	complex; input	-	1
CSTF1	SRSF4	complex; input	-	1
CSTF1	SRSF6	complex; input	-	1
CSTF1	U2SURP	complex; input	-	1
CSTF1	UPF3B	complex; input	-	1
CSTF2	CSTF3	complex	-	1
CSTF2	DDX39A	complex; input	-	1
CSTF2	FIP1L1	complex; input	-	1
CSTF2	HNRNPD	complex; input	-	1
CSTF2	HNRNPH1	complex; input	-	1
CSTF2	HNRNPU	complex; input	-	1
CSTF2	NUDT21	catalyzed by; complex; input	<-	1
CSTF2	PPWD1	complex; input	-	1
CSTF2	PQBP1	complex; input	-	1
CSTF2	PRCC	complex; input	-	1
CSTF2	PRPF4	input	-	1
CSTF2	SARNP	complex; input	-	1
CSTF2	SMNDC1	complex; input	-	1
CSTF2	SNRNP40	complex; input	-	1
CSTF2	SNW1	complex; input	-	1
CSTF2	SRSF4	complex; input	-	1
CSTF2	SRSF6	complex; input	-	1
CSTF2	U2SURP	complex; input	-	1
CSTF2	UPF3B	complex; input	-	1
CSTF3	DDX39A	complex; input	-	1
CSTF3	FIP1L1	complex; input	-	1
CSTF3	HNRNPD	complex; input	-	1
CSTF3	HNRNPH1	complex; input	-	1
CSTF3	HNRNPU	complex; input	-	1
CSTF3	NUDT21	catalyzed by; complex; input	<-	1
CSTF3	PPWD1	complex; input	-	1
CSTF3	PQBP1	complex; input	-	1
CSTF3	PRCC	complex; input	-	1
CSTF3	PRPF4	input	-	1
CSTF3	SARNP	complex; input	-	1
CSTF3	SMNDC1	complex; input	-	1
CSTF3	SNRNP40	complex; input	-	1
CSTF3	SNW1	complex; input	-	1
CSTF3	SRSF4	complex; input	-	1
CSTF3	SRSF6	complex; input	-	1
CSTF3	U2SURP	complex; input	-	1
CSTF3	UPF3B	complex; input	-	1
CTSG	ELANE	predicted	-	0.92
CTSG	PRTN3	predicted	-	0.92
CTSG	SERPINB10	PPrel: inhibited by	|-	1
CYBB	EVI2B	predicted	-	0.59
CYBB	IQGAP1	predicted	-	0.64
CYBB	MMP9	ECrel: activation	->	1
CYBB	NCF2	PPrel: dissociation; complex; input; reaction	-	1
CYBB	S100A8	complex; input; reaction	-	1
CYBB	S100A9	complex; input; reaction	-	1
DAP3	ERAL1	complex	-	1
DAP3	MRPL1	catalyze; complex; input	->	1
DAP3	MRPL13	catalyze; complex; input	->	1
DAP3	MRPL14	catalyze; complex; input	->	1
DAP3	MRPL16	catalyze; complex; input	->	1
DAP3	MRPL17	catalyze; complex; input	->	1
DAP3	MRPL18	catalyze; complex; input	->	1
DAP3	MRPL2	catalyze; complex; input	->	1
DAP3	MRPL27	catalyze; complex; input	->	1
DAP3	MRPL30	catalyze; complex; input	->	1
DAP3	MRPL33	catalyze; complex; input	->	1
DAP3	MRPL37	catalyze; complex; input	->	1
DAP3	MRPL39	catalyze; complex; input	->	1
DAP3	MRPL40	catalyze; complex; input	->	1
DAP3	MRPL43	catalyze; complex; input	->	1
DAP3	MRPL45	catalyze; complex; input	->	1
DAP3	MRPL46	catalyze; complex; input	->	1
DAP3	MRPL53	catalyze; complex; input	->	1
DAP3	MRPL57	catalyze; complex; input	->	1
DAP3	MRPS10	complex	-	1
DAP3	MRPS14	complex	-	1
DAP3	MRPS16	complex	-	1
DAP3	MRPS18B	complex	-	1
DAP3	MRPS2	complex	-	1
DAP3	MRPS22	complex	-	1
DAP3	MRPS23	complex	-	1
DAP3	MRPS26	complex	-	1
DAP3	MRPS27	complex	-	1
DAP3	MRPS28	complex	-	1
DAP3	MRPS34	complex	-	1
DAP3	MRPS5	complex	-	1
DAP3	MRPS6	complex	-	1
DAP3	MRPS7	complex	-	1
DAP3	PTCD3	complex	-	1
DCAF13	DDX49	complex	-	1
DCAF13	DHX37	complex	-	1
DCAF13	EXOSC10	activated by; catalyzed by	<-	1
DCAF13	EXOSC4	catalyzed by	<-	1
DCAF13	EXOSC6	catalyzed by	<-	1
DCAF13	EXOSC9	catalyzed by	<-	1
DCAF13	HEATR1	activated by; complex; input	<-	1
DCAF13	MPHOSPH10	complex	-	1
DCAF13	NOP14	complex	-	1
DCAF13	PDCD11	complex	-	1
DCAF13	RRP9	complex; predicted	-	1
DCAF13	UTP15	activated by; complex; input	<-	1
DCAF13	WDR3	complex	-	1
DCAF13	WDR75	activated by; complex; input	<-	1
DDX17	HNRNPH1	predicted	-	1
DDX17	SFPQ	predicted	-	0.64
DDX39A	FIP1L1	complex; input	-	1
DDX39A	NUDT21	catalyzed by; complex; input	<-	1
DDX39A	SARNP	complex; input	-	1
DDX39A	SRSF4	complex; input	-	1
DDX39A	SRSF6	complex; input	-	1
DDX39A	UPF3B	complex; input	-	1
DDX49	DHX37	complex	-	1
DDX49	EXOSC10	activated by; catalyzed by	<-	1
DDX49	EXOSC4	catalyzed by	<-	1
DDX49	EXOSC6	catalyzed by	<-	1
DDX49	EXOSC9	catalyzed by	<-	1
DDX49	HEATR1	activated by; complex; input	<-	1
DDX49	MPHOSPH10	complex	-	1
DDX49	NOP14	complex	-	1
DDX49	PDCD11	complex	-	1
DDX49	RRP9	complex	-	1
DDX49	UTP15	activated by; complex; input	<-	1
DDX49	WDR3	complex	-	1
DDX49	WDR75	activated by; complex; input	<-	1
DEK	IQGAP1	predicted	-	0.65
DEK	MYBBP1A	complex; input	-	1
DHX37	EXOSC10	activated by; catalyzed by	<-	1
DHX37	EXOSC4	catalyzed by	<-	1
DHX37	EXOSC6	catalyzed by	<-	1
DHX37	EXOSC9	catalyzed by	<-	1
DHX37	HEATR1	activated by; complex; input	<-	1
DHX37	MPHOSPH10	complex	-	1
DHX37	NOP14	complex	-	1
DHX37	PDCD11	complex	-	1
DHX37	RRP9	complex	-	1
DHX37	UTP15	activated by; complex; input	<-	1
DHX37	WDR3	complex	-	1
DHX37	WDR75	activated by; complex; input	<-	1
DYNLL1	HTT	complex	-	1
DYNLL1	MCM2	predicted	-	0.64
DYNLL1	NDC1	input	-	1
DYNLL1	NME7	complex; input	-	1
DYNLL1	NR3C1	activate	->	1
DYNLL1	NUP214	input	-	1
DYNLL1	NUP43	complex; input	-	1
DYNLL1	RAB1B	complex; input	-	1
DYNLL1	RAE1	input	-	1
DYNLL1	YKT6	complex; input	-	1
EEFSEC	RPL18	complex; input	-	1
EEFSEC	RPL19	complex; input	-	1
EEFSEC	RPL21	complex; input	-	1
EEFSEC	RPL23	complex; input	-	1
EEFSEC	RPL30	complex; input	-	1
ELANE	MMP8	catalyze	->	1
ELANE	MMP9	predicted	-	0.64
ELANE	PRTN3	predicted	-	0.92
ERAL1	MRPL1	catalyze; complex; input	->	1
ERAL1	MRPL13	catalyze; complex; input	->	1
ERAL1	MRPL14	catalyze; complex; input	->	1
ERAL1	MRPL16	catalyze; complex; input	->	1
ERAL1	MRPL17	catalyze; complex; input	->	1
ERAL1	MRPL18	catalyze; complex; input	->	1
ERAL1	MRPL2	catalyze; complex; input	->	1
ERAL1	MRPL27	catalyze; complex; input	->	1
ERAL1	MRPL30	catalyze; complex; input	->	1
ERAL1	MRPL33	catalyze; complex; input	->	1
ERAL1	MRPL37	catalyze; complex; input	->	1
ERAL1	MRPL39	catalyze; complex; input	->	1
ERAL1	MRPL40	catalyze; complex; input	->	1
ERAL1	MRPL43	catalyze; complex; input	->	1
ERAL1	MRPL45	catalyze; complex; input	->	1
ERAL1	MRPL46	catalyze; complex; input	->	1
ERAL1	MRPL53	catalyze; complex; input	->	1
ERAL1	MRPL57	catalyze; complex; input	->	1
ERAL1	MRPS10	complex	-	1
ERAL1	MRPS14	complex	-	1
ERAL1	MRPS16	complex	-	1
ERAL1	MRPS18B	complex	-	1
ERAL1	MRPS2	complex	-	1
ERAL1	MRPS22	complex	-	1
ERAL1	MRPS23	complex	-	1
ERAL1	MRPS26	complex	-	1
ERAL1	MRPS27	complex	-	1
ERAL1	MRPS28	complex	-	1
ERAL1	MRPS34	complex	-	1
ERAL1	MRPS5	complex	-	1
ERAL1	MRPS6	complex	-	1
ERAL1	MRPS7	complex	-	1
ERAL1	PTCD3	complex	-	1
EVI2B	PTPRC	predicted	-	0.59
EXOSC10	EXOSC4	activate; complex; predicted	->	1
EXOSC10	EXOSC6	activate; complex; predicted	->	1
EXOSC10	EXOSC9	activate; complex; predicted	->	1
EXOSC10	HEATR1	activate; catalyze	->	1
EXOSC10	MPHOSPH10	activate; catalyze	->	1
EXOSC10	NOP14	activate; catalyze	->	1
EXOSC10	PDCD11	activate; catalyze	->	1
EXOSC10	RRP9	activate; catalyze	->	1
EXOSC10	SENP3	activate; catalyze	->	1
EXOSC10	UTP15	activate; catalyze	->	1
EXOSC10	WDR3	activate; catalyze	->	1
EXOSC10	WDR75	activate; catalyze	->	1
EXOSC4	EXOSC6	complex; predicted	-	1
EXOSC4	EXOSC9	complex; predicted	-	1
EXOSC4	HEATR1	catalyze	->	1
EXOSC4	KHSRP	complex; input	-	1
EXOSC4	MPHOSPH10	catalyze	->	1
EXOSC4	NOP14	catalyze	->	1
EXOSC4	PARN	complex; input	-	1
EXOSC4	PDCD11	catalyze	->	1
EXOSC4	RRP9	catalyze	->	1
EXOSC4	SENP3	catalyze	->	1
EXOSC4	UTP15	catalyze	->	1
EXOSC4	WDR3	catalyze	->	1
EXOSC4	WDR75	catalyze	->	1
EXOSC6	EXOSC9	complex; predicted	-	1
EXOSC6	HEATR1	catalyze	->	1
EXOSC6	KHSRP	complex; input	-	1
EXOSC6	MPHOSPH10	catalyze	->	1
EXOSC6	NOP14	catalyze	->	1
EXOSC6	PARN	complex; input	-	1
EXOSC6	PDCD11	catalyze	->	1
EXOSC6	RRP9	catalyze	->	1
EXOSC6	SENP3	catalyze	->	1
EXOSC6	UTP15	catalyze	->	1
EXOSC6	WDR3	catalyze	->	1
EXOSC6	WDR75	catalyze	->	1
EXOSC9	HEATR1	catalyze	->	1
EXOSC9	KHSRP	complex; input	-	1
EXOSC9	MPHOSPH10	catalyze	->	1
EXOSC9	NOP14	catalyze	->	1
EXOSC9	PARN	complex; input	-	1
EXOSC9	PDCD11	catalyze	->	1
EXOSC9	RRP9	catalyze	->	1
EXOSC9	SENP3	catalyze	->	1
EXOSC9	UTP15	catalyze	->	1
EXOSC9	WDR3	catalyze	->	1
EXOSC9	WDR75	catalyze	->	1
FCER1G	ITGB2	predicted	-	0.98
FCER1G	NCF2	predicted	-	0.92
FCER1G	PTPRC	predicted	-	0.92
FEN1	PARP1	complex; input	-	1
FEN1	RPA3	complex; input	-	1
FIP1L1	HNRNPD	complex; input	-	1
FIP1L1	HNRNPH1	complex; input	-	1
FIP1L1	HNRNPU	complex; input	-	1
FIP1L1	NDC1	activated by	<-	1
FIP1L1	NUDT21	catalyzed by; complex; input	<-	1
FIP1L1	NUP214	activated by	<-	1
FIP1L1	NUP43	activated by	<-	1
FIP1L1	PPWD1	complex; input	-	1
FIP1L1	PQBP1	complex; input	-	1
FIP1L1	PRCC	complex; input	-	1
FIP1L1	PRPF4	input	-	1
FIP1L1	RAE1	activated by	<-	1
FIP1L1	SARNP	complex; input	-	1
FIP1L1	SMNDC1	complex; input	-	1
FIP1L1	SNRNP40	complex; input	-	1
FIP1L1	SNW1	complex; input	-	1
FIP1L1	SRSF4	complex; input	-	1
FIP1L1	SRSF6	complex; input	-	1
FIP1L1	U2SURP	complex; input	-	1
FIP1L1	UPF3B	complex; input	-	1
GINS3	MCM2	complex; input; predicted	-	1
GLE1	NDC1	reaction	-	1
GLE1	NUP214	reaction	-	1
GLE1	NUP43	reaction	-	1
GLE1	RAE1	reaction	-	1
GLE1	UPF3B	activate	->	1
GNAQ	GNAS	complex	-	1
GNAQ	GNG2	complex; input	-	1
GNAS	GNG2	PPrel: binding/association; PPrel: dissociation; complex; input	-	1
GNG2	PSAP	complex; input	-	1
GTF3C2	GTF3C5	complex	-	1
GTF3C5	NR3C1	complex; input	-	1
GZMA	NR3C1	predicted	-	0.64
HEATR1	MPHOSPH10	activate; complex; input	->	1
HEATR1	NOP14	activate; complex; input	->	1
HEATR1	PDCD11	activate; complex; input	->	1
HEATR1	RRP9	activate; complex; input	->	1
HEATR1	UTP15	complex; input	-	1
HEATR1	WDR3	activate; complex; input	->	1
HEATR1	WDR75	complex; input	-	1
HMGA1	NDC1	complex; input	-	1
HMGA1	NUP214	complex; input	-	1
HMGA1	NUP43	complex; input	-	1
HMGA1	PARP1	predicted	-	0.64
HMGA1	RAE1	complex; input	-	1
HMGA1	RCC1	predicted	-	0.58
HNRNPD	HNRNPH1	complex; input	-	1
HNRNPD	HNRNPU	complex; input	-	1
HNRNPD	NUDT21	complex; input	-	1
HNRNPD	PPWD1	complex; input	-	1
HNRNPD	PQBP1	complex; input	-	1
HNRNPD	PRCC	complex; input	-	1
HNRNPD	PRPF4	complex; input	-	1
HNRNPD	SFPQ	predicted	-	0.98
HNRNPD	SMNDC1	complex; input	-	1
HNRNPD	SNRNP40	complex; input	-	1
HNRNPD	SNW1	complex; input	-	1
HNRNPD	SRSF4	complex; input	-	1
HNRNPD	SRSF6	complex; input	-	1
HNRNPD	U2SURP	complex; input	-	1
HNRNPD	UPF3B	complex; input	-	1
HNRNPH1	HNRNPU	complex; input	-	1
HNRNPH1	NUDT21	complex; input	-	1
HNRNPH1	PPWD1	complex; input	-	1
HNRNPH1	PQBP1	complex; input	-	1
HNRNPH1	PRCC	complex; input	-	1
HNRNPH1	PRPF4	complex; input	-	1
HNRNPH1	SFPQ	predicted	-	0.92
HNRNPH1	SMNDC1	complex; input	-	1
HNRNPH1	SNRNP40	complex; input	-	1
HNRNPH1	SNW1	complex; input	-	1
HNRNPH1	SRSF4	complex; input	-	1
HNRNPH1	SRSF6	complex; input	-	1
HNRNPH1	TIAL1	complex; input	-	1
HNRNPH1	U2SURP	complex; input	-	1
HNRNPH1	UPF3B	complex; input	-	1
HNRNPU	NR3C1	predicted	-	0.64
HNRNPU	NUDT21	complex; input	-	1
HNRNPU	PPWD1	complex; input	-	1
HNRNPU	PQBP1	complex; input	-	1
HNRNPU	PRCC	complex; input	-	1
HNRNPU	PRPF4	complex; input	-	1
HNRNPU	SMNDC1	complex; input	-	1
HNRNPU	SNRNP40	complex; input	-	1
HNRNPU	SNW1	complex; input	-	1
HNRNPU	SRSF4	complex; input	-	1
HNRNPU	SRSF6	complex; input	-	1
HNRNPU	U2SURP	complex; input	-	1
HNRNPU	UPF3B	complex; input	-	1
HSPA9	MCM2	predicted	-	0.73
HSPA9	NFU1	predicted	-	0.99
HSPA9	PMPCA	catalyzed by	<-	1
HSPA9	PMPCB	catalyzed by	<-	1
HSPA9	TIMM50	complex	-	1
IDH2	TRAP1	predicted	-	0.73
INTS1	INTS10	complex	-	1
INTS1	PHAX	complex; input	-	1
INTS10	PHAX	complex; input	-	1
IQGAP1	MAP2K1	activate; reaction	->	1
IQGAP1	RPA3	predicted	-	0.64
ITGAM	ITGB2	complex	-	1
ITGAM	MMP9	complex; input	-	1
ITGB2	MMP9	complex; input	-	1
KDM1A	MTF2	predicted	-	0.64
KDM1A	RCOR1	complex; input	-	1
KDM1A	RNF2	predicted	-	0.54
KDM1A	SFPQ	predicted	-	0.64
KHSRP	PARN	complex; input	-	1
KHSRP	SUZ12	predicted	-	0.98
KMT2A	NR3C1	predicted	-	0.98
LYAR	NOP2	predicted	-	0.58
LYAR	PWP1	predicted	-	0.58
LYAR	TMA16	predicted	-	0.58
MAK16	NOP2	predicted	-	0.64
MAK16	RPL7L1	predicted	-	0.66
MAK16	WDR12	predicted	-	0.56
MAP2K1	PTPRJ	predicted	-	0.98
MCM2	PRKDC	predicted	-	0.58
MCM2	RPA3	complex; input	-	1
MCM2	S100A8	predicted	-	0.64
MCM2	S100A9	predicted	-	0.64
MCM2	SLC25A5	predicted	-	0.58
MCM2	SSRP1	predicted	-	0.58
MMP8	MMP9	predicted	-	0.92
MMP9	NCF2	ECrel: activated	<-	1
MPG	RPA3	predicted	-	0.64
MPHOSPH10	NOP14	complex	-	1
MPHOSPH10	PDCD11	complex	-	1
MPHOSPH10	RRP9	complex	-	1
MPHOSPH10	UTP15	activated by; complex; input	<-	1
MPHOSPH10	WDR3	complex	-	1
MPHOSPH10	WDR75	activated by; complex; input	<-	1
MRPL1	MRPL13	complex	-	1
MRPL1	MRPL14	complex	-	1
MRPL1	MRPL16	complex	-	1
MRPL1	MRPL17	complex	-	1
MRPL1	MRPL18	complex	-	1
MRPL1	MRPL2	complex	-	1
MRPL1	MRPL27	complex	-	1
MRPL1	MRPL30	complex	-	1
MRPL1	MRPL33	complex	-	1
MRPL1	MRPL37	complex	-	1
MRPL1	MRPL39	complex	-	1
MRPL1	MRPL40	complex	-	1
MRPL1	MRPL43	complex	-	1
MRPL1	MRPL45	complex	-	1
MRPL1	MRPL46	complex	-	1
MRPL1	MRPL53	complex	-	1
MRPL1	MRPL57	complex	-	1
MRPL1	MRPS10	catalyzed by; complex; input	<-	1
MRPL1	MRPS14	catalyzed by; complex; input	<-	1
MRPL1	MRPS16	catalyzed by; complex; input	<-	1
MRPL1	MRPS18B	catalyzed by; complex; input	<-	1
MRPL1	MRPS2	catalyzed by; complex; input	<-	1
MRPL1	MRPS22	catalyzed by; complex; input	<-	1
MRPL1	MRPS23	catalyzed by; complex; input	<-	1
MRPL1	MRPS26	catalyzed by; complex; input	<-	1
MRPL1	MRPS27	catalyzed by; complex; input	<-	1
MRPL1	MRPS28	catalyzed by; complex; input	<-	1
MRPL1	MRPS34	catalyzed by; complex; input	<-	1
MRPL1	MRPS5	catalyzed by; complex; input	<-	1
MRPL1	MRPS6	catalyzed by; complex; input	<-	1
MRPL1	MRPS7	catalyzed by; complex; input	<-	1
MRPL1	PTCD3	catalyzed by; complex; input	<-	1
MRPL13	MRPL14	complex	-	1
MRPL13	MRPL16	complex	-	1
MRPL13	MRPL17	complex	-	1
MRPL13	MRPL18	complex	-	1
MRPL13	MRPL2	complex	-	1
MRPL13	MRPL27	complex	-	1
MRPL13	MRPL30	complex	-	1
MRPL13	MRPL33	complex	-	1
MRPL13	MRPL37	complex	-	1
MRPL13	MRPL39	complex	-	1
MRPL13	MRPL40	complex	-	1
MRPL13	MRPL43	complex	-	1
MRPL13	MRPL45	complex	-	1
MRPL13	MRPL46	complex	-	1
MRPL13	MRPL53	complex	-	1
MRPL13	MRPL57	complex	-	1
MRPL13	MRPS10	catalyzed by; complex; input	<-	1
MRPL13	MRPS14	catalyzed by; complex; input	<-	1
MRPL13	MRPS16	catalyzed by; complex; input	<-	1
MRPL13	MRPS18B	catalyzed by; complex; input	<-	1
MRPL13	MRPS2	catalyzed by; complex; input	<-	1
MRPL13	MRPS22	catalyzed by; complex; input	<-	1
MRPL13	MRPS23	catalyzed by; complex; input	<-	1
MRPL13	MRPS26	catalyzed by; complex; input	<-	1
MRPL13	MRPS27	catalyzed by; complex; input	<-	1
MRPL13	MRPS28	catalyzed by; complex; input	<-	1
MRPL13	MRPS34	catalyzed by; complex; input	<-	1
MRPL13	MRPS5	catalyzed by; complex; input	<-	1
MRPL13	MRPS6	catalyzed by; complex; input	<-	1
MRPL13	MRPS7	catalyzed by; complex; input	<-	1
MRPL13	PTCD3	catalyzed by; complex; input	<-	1
MRPL13	RPL18	predicted	-	0.64
MRPL14	MRPL16	complex	-	1
MRPL14	MRPL17	complex	-	1
MRPL14	MRPL18	complex	-	1
MRPL14	MRPL2	complex	-	1
MRPL14	MRPL27	complex	-	1
MRPL14	MRPL30	complex	-	1
MRPL14	MRPL33	complex	-	1
MRPL14	MRPL37	complex	-	1
MRPL14	MRPL39	complex	-	1
MRPL14	MRPL40	complex	-	1
MRPL14	MRPL43	complex	-	1
MRPL14	MRPL45	complex	-	1
MRPL14	MRPL46	complex	-	1
MRPL14	MRPL53	complex	-	1
MRPL14	MRPL57	complex	-	1
MRPL14	MRPS10	catalyzed by; complex; input	<-	1
MRPL14	MRPS14	catalyzed by; complex; input	<-	1
MRPL14	MRPS16	catalyzed by; complex; input	<-	1
MRPL14	MRPS18B	catalyzed by; complex; input	<-	1
MRPL14	MRPS2	catalyzed by; complex; input	<-	1
MRPL14	MRPS22	catalyzed by; complex; input	<-	1
MRPL14	MRPS23	catalyzed by; complex; input	<-	1
MRPL14	MRPS26	catalyzed by; complex; input	<-	1
MRPL14	MRPS27	catalyzed by; complex; input	<-	1
MRPL14	MRPS28	catalyzed by; complex; input	<-	1
MRPL14	MRPS34	catalyzed by; complex; input	<-	1
MRPL14	MRPS5	catalyzed by; complex; input	<-	1
MRPL14	MRPS6	catalyzed by; complex; input	<-	1
MRPL14	MRPS7	catalyzed by; complex; input	<-	1
MRPL14	PTCD3	catalyzed by; complex; input	<-	1
MRPL16	MRPL17	complex	-	1
MRPL16	MRPL18	complex	-	1
MRPL16	MRPL2	complex	-	1
MRPL16	MRPL27	complex	-	1
MRPL16	MRPL30	complex	-	1
MRPL16	MRPL33	complex	-	1
MRPL16	MRPL37	complex	-	1
MRPL16	MRPL39	complex	-	1
MRPL16	MRPL40	complex	-	1
MRPL16	MRPL43	complex	-	1
MRPL16	MRPL45	complex	-	1
MRPL16	MRPL46	complex	-	1
MRPL16	MRPL53	complex	-	1
MRPL16	MRPL57	complex	-	1
MRPL16	MRPS10	catalyzed by; complex; input	<-	1
MRPL16	MRPS14	catalyzed by; complex; input	<-	1
MRPL16	MRPS16	catalyzed by; complex; input	<-	1
MRPL16	MRPS18B	catalyzed by; complex; input	<-	1
MRPL16	MRPS2	catalyzed by; complex; input	<-	1
MRPL16	MRPS22	catalyzed by; complex; input	<-	1
MRPL16	MRPS23	catalyzed by; complex; input	<-	1
MRPL16	MRPS26	catalyzed by; complex; input	<-	1
MRPL16	MRPS27	catalyzed by; complex; input	<-	1
MRPL16	MRPS28	catalyzed by; complex; input	<-	1
MRPL16	MRPS34	catalyzed by; complex; input	<-	1
MRPL16	MRPS5	catalyzed by; complex; input	<-	1
MRPL16	MRPS6	catalyzed by; complex; input	<-	1
MRPL16	MRPS7	catalyzed by; complex; input	<-	1
MRPL16	PTCD3	catalyzed by; complex; input	<-	1
MRPL17	MRPL18	complex	-	1
MRPL17	MRPL2	complex	-	1
MRPL17	MRPL27	complex	-	1
MRPL17	MRPL30	complex	-	1
MRPL17	MRPL33	complex	-	1
MRPL17	MRPL37	complex	-	1
MRPL17	MRPL39	complex	-	1
MRPL17	MRPL40	complex	-	1
MRPL17	MRPL43	complex	-	1
MRPL17	MRPL45	complex	-	1
MRPL17	MRPL46	complex	-	1
MRPL17	MRPL53	complex	-	1
MRPL17	MRPL57	complex	-	1
MRPL17	MRPS10	catalyzed by; complex; input	<-	1
MRPL17	MRPS14	catalyzed by; complex; input	<-	1
MRPL17	MRPS16	catalyzed by; complex; input	<-	1
MRPL17	MRPS18B	catalyzed by; complex; input	<-	1
MRPL17	MRPS2	catalyzed by; complex; input	<-	1
MRPL17	MRPS22	catalyzed by; complex; input	<-	1
MRPL17	MRPS23	catalyzed by; complex; input	<-	1
MRPL17	MRPS26	catalyzed by; complex; input	<-	1
MRPL17	MRPS27	catalyzed by; complex; input	<-	1
MRPL17	MRPS28	catalyzed by; complex; input	<-	1
MRPL17	MRPS34	catalyzed by; complex; input	<-	1
MRPL17	MRPS5	catalyzed by; complex; input	<-	1
MRPL17	MRPS6	catalyzed by; complex; input	<-	1
MRPL17	MRPS7	catalyzed by; complex; input	<-	1
MRPL17	PTCD3	catalyzed by; complex; input	<-	1
MRPL18	MRPL2	complex	-	1
MRPL18	MRPL27	complex	-	1
MRPL18	MRPL30	complex	-	1
MRPL18	MRPL33	complex	-	1
MRPL18	MRPL37	complex	-	1
MRPL18	MRPL39	complex	-	1
MRPL18	MRPL40	complex	-	1
MRPL18	MRPL43	complex	-	1
MRPL18	MRPL45	complex	-	1
MRPL18	MRPL46	complex	-	1
MRPL18	MRPL53	complex	-	1
MRPL18	MRPL57	complex	-	1
MRPL18	MRPS10	catalyzed by; complex; input	<-	1
MRPL18	MRPS14	catalyzed by; complex; input	<-	1
MRPL18	MRPS16	catalyzed by; complex; input	<-	1
MRPL18	MRPS18B	catalyzed by; complex; input	<-	1
MRPL18	MRPS2	catalyzed by; complex; input	<-	1
MRPL18	MRPS22	catalyzed by; complex; input	<-	1
MRPL18	MRPS23	catalyzed by; complex; input	<-	1
MRPL18	MRPS26	catalyzed by; complex; input	<-	1
MRPL18	MRPS27	catalyzed by; complex; input	<-	1
MRPL18	MRPS28	catalyzed by; complex; input	<-	1
MRPL18	MRPS34	catalyzed by; complex; input	<-	1
MRPL18	MRPS5	catalyzed by; complex; input	<-	1
MRPL18	MRPS6	catalyzed by; complex; input	<-	1
MRPL18	MRPS7	catalyzed by; complex; input	<-	1
MRPL18	PTCD3	catalyzed by; complex; input	<-	1
MRPL2	MRPL27	complex	-	1
MRPL2	MRPL30	complex	-	1
MRPL2	MRPL33	complex	-	1
MRPL2	MRPL37	complex	-	1
MRPL2	MRPL39	complex	-	1
MRPL2	MRPL40	complex	-	1
MRPL2	MRPL43	complex	-	1
MRPL2	MRPL45	complex	-	1
MRPL2	MRPL46	complex	-	1
MRPL2	MRPL53	complex	-	1
MRPL2	MRPL57	complex	-	1
MRPL2	MRPS10	catalyzed by; complex; input	<-	1
MRPL2	MRPS14	catalyzed by; complex; input	<-	1
MRPL2	MRPS16	catalyzed by; complex; input	<-	1
MRPL2	MRPS18B	catalyzed by; complex; input	<-	1
MRPL2	MRPS2	catalyzed by; complex; input	<-	1
MRPL2	MRPS22	catalyzed by; complex; input	<-	1
MRPL2	MRPS23	catalyzed by; complex; input	<-	1
MRPL2	MRPS26	catalyzed by; complex; input	<-	1
MRPL2	MRPS27	catalyzed by; complex; input	<-	1
MRPL2	MRPS28	catalyzed by; complex; input	<-	1
MRPL2	MRPS34	catalyzed by; complex; input	<-	1
MRPL2	MRPS5	catalyzed by; complex; input	<-	1
MRPL2	MRPS6	catalyzed by; complex; input	<-	1
MRPL2	MRPS7	catalyzed by; complex; input	<-	1
MRPL2	PTCD3	catalyzed by; complex; input	<-	1
MRPL27	MRPL30	complex	-	1
MRPL27	MRPL33	complex	-	1
MRPL27	MRPL37	complex	-	1
MRPL27	MRPL39	complex	-	1
MRPL27	MRPL40	complex	-	1
MRPL27	MRPL43	complex	-	1
MRPL27	MRPL45	complex	-	1
MRPL27	MRPL46	complex	-	1
MRPL27	MRPL53	complex	-	1
MRPL27	MRPL57	complex	-	1
MRPL27	MRPS10	catalyzed by; complex; input	<-	1
MRPL27	MRPS14	catalyzed by; complex; input	<-	1
MRPL27	MRPS16	catalyzed by; complex; input	<-	1
MRPL27	MRPS18B	catalyzed by; complex; input	<-	1
MRPL27	MRPS2	catalyzed by; complex; input	<-	1
MRPL27	MRPS22	catalyzed by; complex; input	<-	1
MRPL27	MRPS23	catalyzed by; complex; input	<-	1
MRPL27	MRPS26	catalyzed by; complex; input	<-	1
MRPL27	MRPS27	catalyzed by; complex; input	<-	1
MRPL27	MRPS28	catalyzed by; complex; input	<-	1
MRPL27	MRPS34	catalyzed by; complex; input	<-	1
MRPL27	MRPS5	catalyzed by; complex; input	<-	1
MRPL27	MRPS6	catalyzed by; complex; input	<-	1
MRPL27	MRPS7	catalyzed by; complex; input	<-	1
MRPL27	PTCD3	catalyzed by; complex; input	<-	1
MRPL27	RPL18	predicted	-	0.64
MRPL30	MRPL33	complex	-	1
MRPL30	MRPL37	complex	-	1
MRPL30	MRPL39	complex	-	1
MRPL30	MRPL40	complex	-	1
MRPL30	MRPL43	complex	-	1
MRPL30	MRPL45	complex	-	1
MRPL30	MRPL46	complex	-	1
MRPL30	MRPL53	complex	-	1
MRPL30	MRPL57	complex	-	1
MRPL30	MRPS10	catalyzed by; complex; input	<-	1
MRPL30	MRPS14	catalyzed by; complex; input	<-	1
MRPL30	MRPS16	catalyzed by; complex; input	<-	1
MRPL30	MRPS18B	catalyzed by; complex; input	<-	1
MRPL30	MRPS2	catalyzed by; complex; input	<-	1
MRPL30	MRPS22	catalyzed by; complex; input	<-	1
MRPL30	MRPS23	catalyzed by; complex; input	<-	1
MRPL30	MRPS26	catalyzed by; complex; input	<-	1
MRPL30	MRPS27	catalyzed by; complex; input	<-	1
MRPL30	MRPS28	catalyzed by; complex; input	<-	1
MRPL30	MRPS34	catalyzed by; complex; input	<-	1
MRPL30	MRPS5	catalyzed by; complex; input	<-	1
MRPL30	MRPS6	catalyzed by; complex; input	<-	1
MRPL30	MRPS7	catalyzed by; complex; input	<-	1
MRPL30	PTCD3	catalyzed by; complex; input	<-	1
MRPL33	MRPL37	complex	-	1
MRPL33	MRPL39	complex	-	1
MRPL33	MRPL40	complex	-	1
MRPL33	MRPL43	complex	-	1
MRPL33	MRPL45	complex	-	1
MRPL33	MRPL46	complex	-	1
MRPL33	MRPL53	complex	-	1
MRPL33	MRPL57	complex	-	1
MRPL33	MRPS10	catalyzed by; complex; input	<-	1
MRPL33	MRPS14	catalyzed by; complex; input	<-	1
MRPL33	MRPS16	catalyzed by; complex; input	<-	1
MRPL33	MRPS18B	catalyzed by; complex; input	<-	1
MRPL33	MRPS2	catalyzed by; complex; input	<-	1
MRPL33	MRPS22	catalyzed by; complex; input	<-	1
MRPL33	MRPS23	catalyzed by; complex; input	<-	1
MRPL33	MRPS26	catalyzed by; complex; input	<-	1
MRPL33	MRPS27	catalyzed by; complex; input	<-	1
MRPL33	MRPS28	catalyzed by; complex; input	<-	1
MRPL33	MRPS34	catalyzed by; complex; input	<-	1
MRPL33	MRPS5	catalyzed by; complex; input	<-	1
MRPL33	MRPS6	catalyzed by; complex; input	<-	1
MRPL33	MRPS7	catalyzed by; complex; input	<-	1
MRPL33	PTCD3	catalyzed by; complex; input	<-	1
MRPL37	MRPL39	complex	-	1
MRPL37	MRPL40	complex	-	1
MRPL37	MRPL43	complex	-	1
MRPL37	MRPL45	complex	-	1
MRPL37	MRPL46	complex	-	1
MRPL37	MRPL53	complex	-	1
MRPL37	MRPL57	complex	-	1
MRPL37	MRPS10	catalyzed by; complex; input	<-	1
MRPL37	MRPS14	catalyzed by; complex; input	<-	1
MRPL37	MRPS16	catalyzed by; complex; input	<-	1
MRPL37	MRPS18B	catalyzed by; complex; input	<-	1
MRPL37	MRPS2	catalyzed by; complex; input	<-	1
MRPL37	MRPS22	catalyzed by; complex; input	<-	1
MRPL37	MRPS23	catalyzed by; complex; input	<-	1
MRPL37	MRPS26	catalyzed by; complex; input	<-	1
MRPL37	MRPS27	catalyzed by; complex; input	<-	1
MRPL37	MRPS28	catalyzed by; complex; input	<-	1
MRPL37	MRPS34	catalyzed by; complex; input	<-	1
MRPL37	MRPS5	catalyzed by; complex; input	<-	1
MRPL37	MRPS6	catalyzed by; complex; input	<-	1
MRPL37	MRPS7	catalyzed by; complex; input	<-	1
MRPL37	PTCD3	catalyzed by; complex; input	<-	1
MRPL39	MRPL40	complex	-	1
MRPL39	MRPL43	complex	-	1
MRPL39	MRPL45	complex	-	1
MRPL39	MRPL46	complex	-	1
MRPL39	MRPL53	complex	-	1
MRPL39	MRPL57	complex	-	1
MRPL39	MRPS10	catalyzed by; complex; input	<-	1
MRPL39	MRPS14	catalyzed by; complex; input	<-	1
MRPL39	MRPS16	catalyzed by; complex; input	<-	1
MRPL39	MRPS18B	catalyzed by; complex; input	<-	1
MRPL39	MRPS2	catalyzed by; complex; input	<-	1
MRPL39	MRPS22	catalyzed by; complex; input	<-	1
MRPL39	MRPS23	catalyzed by; complex; input	<-	1
MRPL39	MRPS26	catalyzed by; complex; input	<-	1
MRPL39	MRPS27	catalyzed by; complex; input	<-	1
MRPL39	MRPS28	catalyzed by; complex; input	<-	1
MRPL39	MRPS34	catalyzed by; complex; input	<-	1
MRPL39	MRPS5	catalyzed by; complex; input	<-	1
MRPL39	MRPS6	catalyzed by; complex; input	<-	1
MRPL39	MRPS7	catalyzed by; complex; input	<-	1
MRPL39	PTCD3	catalyzed by; complex; input	<-	1
MRPL40	MRPL43	complex	-	1
MRPL40	MRPL45	complex	-	1
MRPL40	MRPL46	complex	-	1
MRPL40	MRPL53	complex	-	1
MRPL40	MRPL57	complex	-	1
MRPL40	MRPS10	catalyzed by; complex; input	<-	1
MRPL40	MRPS14	catalyzed by; complex; input	<-	1
MRPL40	MRPS16	catalyzed by; complex; input	<-	1
MRPL40	MRPS18B	catalyzed by; complex; input	<-	1
MRPL40	MRPS2	catalyzed by; complex; input	<-	1
MRPL40	MRPS22	catalyzed by; complex; input	<-	1
MRPL40	MRPS23	catalyzed by; complex; input	<-	1
MRPL40	MRPS26	catalyzed by; complex; input	<-	1
MRPL40	MRPS27	catalyzed by; complex; input	<-	1
MRPL40	MRPS28	catalyzed by; complex; input	<-	1
MRPL40	MRPS34	catalyzed by; complex; input	<-	1
MRPL40	MRPS5	catalyzed by; complex; input	<-	1
MRPL40	MRPS6	catalyzed by; complex; input	<-	1
MRPL40	MRPS7	catalyzed by; complex; input	<-	1
MRPL40	PTCD3	catalyzed by; complex; input	<-	1
MRPL43	MRPL45	complex	-	1
MRPL43	MRPL46	complex	-	1
MRPL43	MRPL53	complex	-	1
MRPL43	MRPL57	complex	-	1
MRPL43	MRPS10	catalyzed by; complex; input	<-	1
MRPL43	MRPS14	catalyzed by; complex; input	<-	1
MRPL43	MRPS16	catalyzed by; complex; input	<-	1
MRPL43	MRPS18B	catalyzed by; complex; input	<-	1
MRPL43	MRPS2	catalyzed by; complex; input	<-	1
MRPL43	MRPS22	catalyzed by; complex; input	<-	1
MRPL43	MRPS23	catalyzed by; complex; input	<-	1
MRPL43	MRPS26	catalyzed by; complex; input	<-	1
MRPL43	MRPS27	catalyzed by; complex; input	<-	1
MRPL43	MRPS28	catalyzed by; complex; input	<-	1
MRPL43	MRPS34	catalyzed by; complex; input	<-	1
MRPL43	MRPS5	catalyzed by; complex; input	<-	1
MRPL43	MRPS6	catalyzed by; complex; input	<-	1
MRPL43	MRPS7	catalyzed by; complex; input	<-	1
MRPL43	PTCD3	catalyzed by; complex; input	<-	1
MRPL45	MRPL46	complex	-	1
MRPL45	MRPL53	complex	-	1
MRPL45	MRPL57	complex	-	1
MRPL45	MRPS10	catalyzed by; complex; input	<-	1
MRPL45	MRPS14	catalyzed by; complex; input	<-	1
MRPL45	MRPS16	catalyzed by; complex; input	<-	1
MRPL45	MRPS18B	catalyzed by; complex; input	<-	1
MRPL45	MRPS2	catalyzed by; complex; input	<-	1
MRPL45	MRPS22	catalyzed by; complex; input	<-	1
MRPL45	MRPS23	catalyzed by; complex; input	<-	1
MRPL45	MRPS26	catalyzed by; complex; input	<-	1
MRPL45	MRPS27	catalyzed by; complex; input	<-	1
MRPL45	MRPS28	catalyzed by; complex; input	<-	1
MRPL45	MRPS34	catalyzed by; complex; input	<-	1
MRPL45	MRPS5	catalyzed by; complex; input	<-	1
MRPL45	MRPS6	catalyzed by; complex; input	<-	1
MRPL45	MRPS7	catalyzed by; complex; input	<-	1
MRPL45	PTCD3	catalyzed by; complex; input	<-	1
MRPL46	MRPL53	complex	-	1
MRPL46	MRPL57	complex	-	1
MRPL46	MRPS10	catalyzed by; complex; input	<-	1
MRPL46	MRPS14	catalyzed by; complex; input	<-	1
MRPL46	MRPS16	catalyzed by; complex; input	<-	1
MRPL46	MRPS18B	catalyzed by; complex; input	<-	1
MRPL46	MRPS2	catalyzed by; complex; input	<-	1
MRPL46	MRPS22	catalyzed by; complex; input	<-	1
MRPL46	MRPS23	catalyzed by; complex; input	<-	1
MRPL46	MRPS26	catalyzed by; complex; input	<-	1
MRPL46	MRPS27	catalyzed by; complex; input	<-	1
MRPL46	MRPS28	catalyzed by; complex; input	<-	1
MRPL46	MRPS34	catalyzed by; complex; input	<-	1
MRPL46	MRPS5	catalyzed by; complex; input	<-	1
MRPL46	MRPS6	catalyzed by; complex; input	<-	1
MRPL46	MRPS7	catalyzed by; complex; input	<-	1
MRPL46	PTCD3	catalyzed by; complex; input	<-	1
MRPL53	MRPL57	complex	-	1
MRPL53	MRPS10	catalyzed by; complex; input	<-	1
MRPL53	MRPS14	catalyzed by; complex; input	<-	1
MRPL53	MRPS16	catalyzed by; complex; input	<-	1
MRPL53	MRPS18B	catalyzed by; complex; input	<-	1
MRPL53	MRPS2	catalyzed by; complex; input	<-	1
MRPL53	MRPS22	catalyzed by; complex; input	<-	1
MRPL53	MRPS23	catalyzed by; complex; input	<-	1
MRPL53	MRPS26	catalyzed by; complex; input	<-	1
MRPL53	MRPS27	catalyzed by; complex; input	<-	1
MRPL53	MRPS28	catalyzed by; complex; input	<-	1
MRPL53	MRPS34	catalyzed by; complex; input	<-	1
MRPL53	MRPS5	catalyzed by; complex; input	<-	1
MRPL53	MRPS6	catalyzed by; complex; input	<-	1
MRPL53	MRPS7	catalyzed by; complex; input	<-	1
MRPL53	PTCD3	catalyzed by; complex; input	<-	1
MRPL57	MRPS10	catalyzed by; complex; input	<-	1
MRPL57	MRPS14	catalyzed by; complex; input	<-	1
MRPL57	MRPS16	catalyzed by; complex; input	<-	1
MRPL57	MRPS18B	catalyzed by; complex; input	<-	1
MRPL57	MRPS2	catalyzed by; complex; input	<-	1
MRPL57	MRPS22	catalyzed by; complex; input	<-	1
MRPL57	MRPS23	catalyzed by; complex; input	<-	1
MRPL57	MRPS26	catalyzed by; complex; input	<-	1
MRPL57	MRPS27	catalyzed by; complex; input	<-	1
MRPL57	MRPS28	catalyzed by; complex; input	<-	1
MRPL57	MRPS34	catalyzed by; complex; input	<-	1
MRPL57	MRPS5	catalyzed by; complex; input	<-	1
MRPL57	MRPS6	catalyzed by; complex; input	<-	1
MRPL57	MRPS7	catalyzed by; complex; input	<-	1
MRPL57	PTCD3	catalyzed by; complex; input	<-	1
MRPS10	MRPS14	complex	-	1
MRPS10	MRPS16	complex	-	1
MRPS10	MRPS18B	complex	-	1
MRPS10	MRPS2	complex	-	1
MRPS10	MRPS22	complex	-	1
MRPS10	MRPS23	complex	-	1
MRPS10	MRPS26	complex	-	1
MRPS10	MRPS27	complex	-	1
MRPS10	MRPS28	complex	-	1
MRPS10	MRPS34	complex	-	1
MRPS10	MRPS5	complex	-	1
MRPS10	MRPS6	complex	-	1
MRPS10	MRPS7	complex	-	1
MRPS10	PTCD3	complex	-	1
MRPS14	MRPS16	complex	-	1
MRPS14	MRPS18B	complex	-	1
MRPS14	MRPS2	complex	-	1
MRPS14	MRPS22	complex	-	1
MRPS14	MRPS23	complex	-	1
MRPS14	MRPS26	complex	-	1
MRPS14	MRPS27	complex	-	1
MRPS14	MRPS28	complex	-	1
MRPS14	MRPS34	complex	-	1
MRPS14	MRPS5	complex	-	1
MRPS14	MRPS6	complex	-	1
MRPS14	MRPS7	complex	-	1
MRPS14	PTCD3	complex	-	1
MRPS14	RPL23	predicted	-	0.64
MRPS16	MRPS18B	complex	-	1
MRPS16	MRPS2	complex	-	1
MRPS16	MRPS22	complex	-	1
MRPS16	MRPS23	complex	-	1
MRPS16	MRPS26	complex	-	1
MRPS16	MRPS27	complex	-	1
MRPS16	MRPS28	complex	-	1
MRPS16	MRPS34	complex	-	1
MRPS16	MRPS5	complex	-	1
MRPS16	MRPS6	complex	-	1
MRPS16	MRPS7	complex	-	1
MRPS16	PTCD3	complex	-	1
MRPS18B	MRPS2	complex	-	1
MRPS18B	MRPS22	complex	-	1
MRPS18B	MRPS23	complex	-	1
MRPS18B	MRPS26	complex	-	1
MRPS18B	MRPS27	complex	-	1
MRPS18B	MRPS28	complex	-	1
MRPS18B	MRPS34	complex	-	1
MRPS18B	MRPS5	complex	-	1
MRPS18B	MRPS6	complex	-	1
MRPS18B	MRPS7	complex	-	1
MRPS18B	PTCD3	complex	-	1
MRPS2	MRPS22	complex	-	1
MRPS2	MRPS23	complex	-	1
MRPS2	MRPS26	complex	-	1
MRPS2	MRPS27	complex	-	1
MRPS2	MRPS28	complex	-	1
MRPS2	MRPS34	complex	-	1
MRPS2	MRPS5	complex	-	1
MRPS2	MRPS6	complex	-	1
MRPS2	MRPS7	complex	-	1
MRPS2	PTCD3	complex	-	1
MRPS22	MRPS23	complex	-	1
MRPS22	MRPS26	complex	-	1
MRPS22	MRPS27	complex	-	1
MRPS22	MRPS28	complex	-	1
MRPS22	MRPS34	complex	-	1
MRPS22	MRPS5	complex	-	1
MRPS22	MRPS6	complex	-	1
MRPS22	MRPS7	complex	-	1
MRPS22	PTCD3	complex	-	1
MRPS23	MRPS26	complex	-	1
MRPS23	MRPS27	complex	-	1
MRPS23	MRPS28	complex	-	1
MRPS23	MRPS34	complex	-	1
MRPS23	MRPS5	complex	-	1
MRPS23	MRPS6	complex	-	1
MRPS23	MRPS7	complex	-	1
MRPS23	PTCD3	complex	-	1
MRPS26	MRPS27	complex	-	1
MRPS26	MRPS28	complex	-	1
MRPS26	MRPS34	complex	-	1
MRPS26	MRPS5	complex	-	1
MRPS26	MRPS6	complex	-	1
MRPS26	MRPS7	complex	-	1
MRPS26	PTCD3	complex	-	1
MRPS27	MRPS28	complex	-	1
MRPS27	MRPS34	complex	-	1
MRPS27	MRPS5	complex	-	1
MRPS27	MRPS6	complex	-	1
MRPS27	MRPS7	complex	-	1
MRPS27	PTCD3	complex	-	1
MRPS28	MRPS34	complex	-	1
MRPS28	MRPS5	complex	-	1
MRPS28	MRPS6	complex	-	1
MRPS28	MRPS7	complex	-	1
MRPS28	PTCD3	complex	-	1
MRPS34	MRPS5	complex	-	1
MRPS34	MRPS6	complex	-	1
MRPS34	MRPS7	complex	-	1
MRPS34	PTCD3	complex	-	1
MRPS5	MRPS6	complex	-	1
MRPS5	MRPS7	complex	-	1
MRPS5	PTCD3	complex	-	1
MRPS6	MRPS7	complex	-	1
MRPS6	PTCD3	complex	-	1
MRPS7	PTCD3	complex	-	1
MT-CYB	UQCRC2	complex	-	1
MTF2	RBBP4	complex	-	1
MTF2	SUZ12	complex; predicted	-	1
NCF2	S100A8	complex; input; reaction	-	1
NCF2	S100A9	complex; input; reaction	-	1
NDC1	NUP214	catalyze; catalyzed by; complex; input	<->	1
NDC1	NUP43	catalyze; catalyzed by; complex; input	<->	1
NDC1	PHAX	activate	->	1
NDC1	RAE1	catalyze; catalyzed by; complex; input	<->	1
NDC1	SARNP	activate; input	->	1
NDC1	SRSF4	activate; input	->	1
NDC1	SRSF6	activate; input	->	1
NDC1	UPF3B	activate; catalyze; complex; input	->	1
NMNAT1	PARP1	predicted	-	0.64
NOP14	PDCD11	complex	-	1
NOP14	RRP9	complex	-	1
NOP14	UTP15	activated by; complex; input	<-	1
NOP14	WDR3	complex	-	1
NOP14	WDR75	activated by; complex; input	<-	1
NOP2	RPL23	predicted	-	0.64
NOP2	RPL7L1	predicted	-	0.66
NOP2	RSL1D1	predicted	-	0.64
NOP2	SUZ12	predicted	-	0.64
NOP2	WDR12	predicted	-	0.99
NR3C1	RUNX2	activated by; inhibit	<-|	1
NUDT21	PPWD1	complex; input	-	1
NUDT21	PQBP1	complex; input	-	1
NUDT21	PRCC	complex; input	-	1
NUDT21	PRPF4	input	-	1
NUDT21	RCC1	predicted	-	0.64
NUDT21	RPA3	predicted	-	0.58
NUDT21	SARNP	catalyze; complex; input	->	1
NUDT21	SMNDC1	complex; input	-	1
NUDT21	SNRNP40	complex; input	-	1
NUDT21	SNW1	complex; input	-	1
NUDT21	SRSF4	catalyze; complex; input	->	1
NUDT21	SRSF6	catalyze; complex; input	->	1
NUDT21	U2SURP	complex; input	-	1
NUDT21	UPF3B	catalyze; complex; input	->	1
NUP214	NUP43	catalyze; catalyzed by; complex; input	<->	1
NUP214	PHAX	activate	->	1
NUP214	RAE1	catalyze; catalyzed by; complex; input	<->	1
NUP214	SARNP	activate; input	->	1
NUP214	SRSF4	activate; input	->	1
NUP214	SRSF6	activate; input	->	1
NUP214	UPF3B	activate; catalyze; complex; input	->	1
NUP43	PHAX	activate	->	1
NUP43	RAE1	catalyze; catalyzed by; complex; input	<->	1
NUP43	SARNP	activate; input	->	1
NUP43	SRSF4	activate; input	->	1
NUP43	SRSF6	activate; input	->	1
NUP43	UPF3B	activate; catalyze; complex; input	->	1
PARP1	PRKDC	predicted	-	0.98
PARP1	RPA3	complex; input	-	1
PARP1	SSRP1	predicted	-	0.64
PARP1	SUPT16H	predicted	-	0.64
PDCD11	RPL18	predicted	-	0.73
PDCD11	RRP9	complex	-	1
PDCD11	UTP15	activated by; complex; input	<-	1
PDCD11	WDR3	complex	-	1
PDCD11	WDR75	activated by; complex; input	<-	1
PHAX	RAE1	activated by	<-	1
PLS3	TRAP1	predicted	-	0.78
PMPCA	PMPCB	complex; predicted	-	1
PMPCA	TIMM50	catalyze	->	1
PMPCB	TIMM50	catalyze	->	1
POP1	RPP30	complex	-	1
PPWD1	PQBP1	complex; input	-	1
PPWD1	PRCC	complex; input	-	1
PPWD1	SMNDC1	complex; input	-	1
PPWD1	SNRNP40	complex; input	-	1
PPWD1	SNW1	complex; input	-	1
PPWD1	SRSF4	complex; input	-	1
PPWD1	SRSF6	complex; input	-	1
PPWD1	U2SURP	complex; input	-	1
PPWD1	UPF3B	complex; input	-	1
PQBP1	PRCC	complex; input	-	1
PQBP1	PRPF4	complex; input	-	1
PQBP1	SMNDC1	complex; input	-	1
PQBP1	SNRNP40	complex; input	-	1
PQBP1	SNW1	complex; input	-	1
PQBP1	SRSF4	complex; input	-	1
PQBP1	SRSF6	complex; input	-	1
PQBP1	U2SURP	complex; input	-	1
PQBP1	UPF3B	complex; input	-	1
PRCC	PRPF4	complex; input	-	1
PRCC	SMNDC1	complex; input	-	1
PRCC	SNRNP40	complex; input	-	1
PRCC	SNW1	complex; input	-	1
PRCC	SRSF4	complex; input	-	1
PRCC	SRSF6	complex; input	-	1
PRCC	U2SURP	complex; input	-	1
PRCC	UPF3B	complex; input	-	1
PRKDC	RPA3	predicted	-	0.98
PRPF4	SMNDC1	complex; input	-	1
PRPF4	SNRNP40	complex	-	1
PRPF4	SNW1	complex; input	-	1
PRPF4	SRSF4	complex; input	-	1
PRPF4	SRSF6	complex; input	-	1
PRPF4	U2SURP	complex; input	-	1
PTPRC	TRIM22	predicted	-	0.98
RAB1B	RAB8B	predicted	-	1
RAB1B	STX5	complex; input	-	1
RAB1B	YKT6	complex; input	-	1
RAE1	SARNP	activate; input	->	1
RAE1	SRSF4	activate; input	->	1
RAE1	SRSF6	activate; input	->	1
RAE1	UPF3B	activate; catalyze; complex; input	->	1
RBBP4	RNF2	predicted	-	0.77
RBBP4	SUZ12	complex; input; predicted	-	1
RPA3	SFPQ	predicted	-	0.64
RPA3	SUPT16H	predicted	-	0.64
RPA3	USP10	complex; input	-	1
RPL18	RPL19	catalyze; catalyzed by; complex; input	<->	1
RPL18	RPL21	catalyze; catalyzed by; complex; input	<->	1
RPL18	RPL23	catalyze; catalyzed by; complex; input	<->	1
RPL18	RPL30	catalyze; catalyzed by; complex; input	<->	1
RPL18	UPF3B	complex; input	-	1
RPL19	RPL21	catalyze; catalyzed by; complex; input	<->	1
RPL19	RPL23	catalyze; catalyzed by; complex; input	<->	1
RPL19	RPL30	catalyze; catalyzed by; complex; input	<->	1
RPL19	UPF3B	complex; input	-	1
RPL21	RPL23	catalyze; catalyzed by; complex; input	<->	1
RPL21	RPL30	catalyze; catalyzed by; complex; input	<->	1
RPL21	UPF3B	complex; input	-	1
RPL23	RPL30	catalyze; catalyzed by; complex; input	<->	1
RPL23	SLC25A5	predicted	-	0.64
RPL23	UPF3B	complex; input	-	1
RPL30	UPF3B	complex; input	-	1
RRP9	UTP15	activated by; complex; input	<-	1
RRP9	WDR3	complex	-	1
RRP9	WDR75	activated by; complex; input	<-	1
RUNX3	SNW1	complex; input	-	1
S100A11	S100A6	predicted	-	0.92
S100A12	S100A8	predicted	-	0.92
S100A12	S100A9	predicted	-	0.92
S100A8	S100A9	complex	-	1
SARNP	SRSF4	complex; input	-	1
SARNP	SRSF6	complex; input	-	1
SARNP	UPF3B	complex; input	-	1
SENP3	WDR12	activated by; complex; input	<-	1
SFPQ	SRSF4	predicted	-	1
SFPQ	YTHDF2	predicted	-	0.64
SMNDC1	SNRNP40	complex; input	-	1
SMNDC1	SNW1	complex; input	-	1
SMNDC1	SRSF4	complex; input	-	1
SMNDC1	SRSF6	complex; input	-	1
SMNDC1	U2SURP	complex	-	1
SMNDC1	UPF3B	complex; input	-	1
SNRNP40	SNW1	complex; input	-	1
SNRNP40	SRSF4	complex; input	-	1
SNRNP40	SRSF6	complex; input	-	1
SNRNP40	U2SURP	complex; input	-	1
SNRNP40	UPF3B	complex; input	-	1
SNW1	SRSF4	complex; input	-	1
SNW1	SRSF6	complex; input	-	1
SNW1	SUPT16H	reaction	-	1
SNW1	U2SURP	complex; input	-	1
SNW1	UPF3B	complex; input	-	1
SRSF4	SRSF6	complex; input	-	1
SRSF4	U2SURP	complex; input	-	1
SRSF4	UPF3B	complex; input	-	1
SRSF6	U2SURP	complex; input	-	1
SRSF6	UPF3B	complex; input	-	1
SSRP1	SUPT16H	complex; input	-	1
SSRP1	SUPT6H	complex; input	-	1
STX5	YKT6	complex; input; predicted	-	1
SUPT16H	SUPT6H	complex; input	-	1
TIMM13	TIMM8B	complex	-	1
U2SURP	UPF3B	complex; input	-	1
UTP15	WDR3	activate; complex; input	->	1
UTP15	WDR75	complex; input	-	1
WDR3	WDR75	activated by; complex; input	<-	1
